strategy,scoring_rate,total_score,total_model_score
0_CoT,0.9491869918699187,492,467.0
1_SC,0.883130081300813,492,434.5
2_ToT,0.8550203252032521,492,420.67
3_GoT,0.9322560975609756,492,458.67
4_Auto-CoT,0.9234552845528456,492,454.34000000000003
5_KGR,0.942418699186992,492,463.67
6_ART,0.9119308943089431,492,448.67
7_ReAct,0.9139634146341463,492,449.67
8_APE,0.8733130081300813,492,429.67
9_RAG,0.8885569105691057,492,437.17
