strategy,scoring_rate,total_score,total_model_score
0_CoT,0.9802530963920301,1857,1820.33
1_SC,0.9691222401723208,1857,1799.6599999999999
2_ToT,0.9820516962843296,1857,1823.67
3_GoT,0.9822347872913302,1857,1824.0100000000002
4_Auto-CoT,0.9790037695207325,1857,1818.0100000000002
5_KGR,0.9750511577813679,1857,1810.67
6_ART,0.9798976844372644,1857,1819.67
7_ReAct,0.9768443726440496,1857,1814.0
8_APE,0.980527732902531,1857,1820.8400000000001
9_RAG,0.9781960150780831,1857,1816.5100000000002
