strategy,scoring_rate,total_score,total_model_score
0_CoT,0.9564553093964858,2618,2504.0
1_SC,0.9528265851795263,2618,2494.5
2_ToT,0.9489419404125287,2618,2484.33
3_GoT,0.944996180290298,2618,2474.0
4_Auto-CoT,0.9604660045836516,2618,2514.5
5_KGR,0.9627578304048893,2618,2520.5
6_ART,0.942131398013751,2618,2466.5
7_ReAct,0.9355729564553094,2618,2449.33
8_APE,0.9541634835752483,2618,2498.0
9_RAG,0.9484339190221543,2618,2483.0
