strategy,scoring_rate,total_score,total_model_score
0_CoT,0.9340948275862069,6264,5851.17
1_SC,0.924675925925926,6264,5792.17
2_ToT,0.9127825670498084,6264,5717.67
3_GoT,0.934015006385696,6264,5850.67
4_Auto-CoT,0.927948595146871,6264,5812.67
5_GKP,0.9341746487867177,6264,5851.67
6_ART,0.9409594508301405,6264,5894.17
7_ReAct,0.9221216475095786,6264,5776.17
8_APE,0.9321791187739463,6264,5839.17
9_RAG,0.9261925287356322,6264,5801.67
