strategy,scoring_rate,total_score,total_model_score
0_CoT,0.7474779319041615,3172,2371.0
1_SC,0.7183763373190686,3178,2283.0
2_ToT,0.7523599748269352,3178,2391.0
3_GoT,0.7397734424166142,3178,2351.0
4_Auto-CoT,0.7504719949653871,3178,2385.0
5_KGR,0.7429200755191945,3178,2361.0
6_ART,0.7432347388294525,3178,2362.0
7_ReAct,0.7355254877281309,3178,2337.5
8_APE,0.7391441157960982,3178,2349.0
9_RAG,0.7297042164883575,3178,2319.0
