strategy,scoring_rate,total_score,total_model_score
0_CoT,0.9428560063643596,2514,2370.34
1_SC,0.9288027048528242,2514,2335.01
2_ToT,0.9299960222752587,2514,2338.01
3_GoT,0.9547891805887033,2514,2400.34
4_Auto-CoT,0.9528042959427209,2514,2395.3500000000004
5_KGR,0.9372871917263326,2514,2356.34
6_ART,0.9477605409705648,2514,2382.67
7_ReAct,0.9520087509944314,2514,2393.3500000000004
8_APE,0.9433890214797137,2514,2371.6800000000003
9_RAG,0.9408631662688942,2514,2365.33
