strategy,scoring_rate,total_score,total_model_score
0_CoT,0.9904507257448434,2618,2593.0
1_SC,0.9912146676852559,2618,2595.0
2_ToT,0.9904507257448434,2618,2593.0
3_GoT,0.9969442322383499,2618,2610.0
4_Auto-CoT,0.9935064935064936,2618,2601.0
5_KGR,0.9965622612681436,2618,2609.0
6_ART,0.9969442322383499,2618,2610.0
7_ReAct,0.9935064935064936,2618,2601.0
8_APE,0.9946524064171123,2618,2604.0
9_RAG,0.9946524064171123,2618,2604.0
