strategy,scoring_rate,total_score,total_model_score
0_CoT,0.8618603042876902,5784,4985.0
1_SC,0.8514004149377593,5784,4924.5
2_ToT,0.8236514522821576,5784,4764.0
3_GoT,0.8634163208852006,5784,4994.0
4_Auto-CoT,0.8728820885200553,5784,5048.75
5_GKP,0.8646784232365146,5784,5001.3
6_ART,0.8655774550484094,5784,5006.5
7_ReAct,0.8482883817427386,5784,4906.5
8_APE,0.8603042876901799,5784,4976.0
9_RAG,0.8702455048409405,5784,5033.5
