strategy,scoring_rate,total_score,total_model_score
0_CoT,0.9432529043789097,2238,2111.0
1_SC,0.9285075960679178,2238,2078.0
2_ToT,0.9450402144772118,2238,2115.0
3_GoT,0.9405719392314567,2238,2105.0
4_Auto-CoT,0.9271671134941912,2238,2075.0
5_KGR,0.9575513851653262,2238,2143.0
6_ART,0.9499553172475425,2238,2126.0
7_ReAct,0.9401251117068812,2238,2104.0
8_APE,0.9445933869526363,2238,2114.0
9_RAG,0.9419124218051832,2238,2108.0
