strategy,scoring_rate,total_score,total_model_score
0_CoT,0.9781054512957998,2238,2189.0
1_SC,0.967828418230563,2238,2166.0
2_ToT,0.983467381590706,2238,2201.0
3_GoT,0.9803395889186773,2238,2194.0
4_Auto-CoT,0.985254691689008,2238,2205.0
5_KGR,0.9776586237712243,2238,2188.0
6_ART,0.9816800714924039,2238,2197.0
7_ReAct,0.9758713136729222,2238,2184.0
8_APE,0.9767649687220733,2238,2186.0
9_RAG,0.982573726541555,2238,2199.0
