strategy,scoring_rate,total_score,total_model_score
0_CoT,0.983467381590706,2238,2201.0
1_SC,0.9767649687220733,2238,2186.0
2_ToT,0.983467381590706,2238,2201.0
3_GoT,0.9749776586237712,2238,2182.0
4_Auto-CoT,0.9848078641644326,2238,2204.0
5_KGR,0.9740840035746202,2238,2180.0
6_ART,0.9848078641644326,2238,2204.0
7_ReAct,0.9848078641644326,2238,2204.0
8_APE,0.9798927613941019,2238,2193.0
9_RAG,0.9848078641644326,2238,2204.0
