strategy,scoring_rate,total_score,total_model_score
0_CoT,0.983540925266904,2248,2211.0
1_SC,0.9768683274021353,2248,2196.0
2_ToT,0.9822064056939501,2248,2208.0
3_GoT,0.9750889679715302,2248,2192.0
4_Auto-CoT,0.9848754448398577,2248,2214.0
5_GKP,0.9741992882562278,2248,2190.0
6_ART,0.9848754448398577,2248,2214.0
7_ReAct,0.9848754448398577,2248,2214.0
8_APE,0.979982206405694,2248,2203.0
9_RAG,0.9848754448398577,2248,2214.0
