strategy,scoring_rate,total_score,total_model_score
0_CoT,0.9715447154471545,492,478.0
1_SC,0.9715447154471545,492,478.0
2_ToT,0.9505487804878049,492,467.67
3_GoT,0.9552845528455285,492,470.0
4_Auto-CoT,0.9607113821138211,492,472.67
5_KGR,0.959349593495935,492,472.0
6_ART,0.9715447154471545,492,478.0
7_ReAct,0.9634146341463414,492,474.0
8_APE,0.9634146341463414,492,474.0
9_RAG,0.9688414634146342,492,476.67
