strategy,scoring_rate,total_score,total_model_score
0_CoT,0.9245175936435869,881,814.5
1_SC,0.9318955732122588,881,821.0
2_ToT,0.8969012485811578,881,790.1700000000001
3_GoT,0.9063564131668559,881,798.5
4_Auto-CoT,0.9105221339387061,881,802.1700000000001
5_GKP,0.9171396140749148,881,808.0
6_ART,0.9228149829738933,881,813.0
7_ReAct,0.9222474460839954,881,812.5
8_APE,0.9250851305334846,881,815.0
9_RAG,0.8997389330306471,881,792.6700000000001
