strategy,scoring_rate,total_score,total_model_score
0_CoT,0.9724462365591398,2976,2894.0
1_SC,0.9838709677419355,2976,2928.0
2_ToT,0.9755846774193548,2976,2903.34
3_GoT,0.971549059139785,2976,2891.33
4_Auto-CoT,0.9749092741935483,2976,2901.33
5_KGR,0.9751310483870967,2976,2901.99
6_ART,0.9746875,2976,2900.67
7_ReAct,0.9773756720430108,2976,2908.67
8_APE,0.9742405913978495,2976,2899.34
9_RAG,0.9704301075268817,2976,2888.0
