strategy,scoring_rate,total_score,total_model_score
0_CoT,0.9647764227642277,492,474.67
1_SC,0.9715447154471545,492,478.0
2_ToT,0.9729065040650406,492,478.67
3_GoT,0.9607113821138211,492,472.67
4_Auto-CoT,0.9851016260162602,492,484.67
5_KGR,0.9688414634146342,492,476.67
6_ART,0.9769715447154472,492,480.67
7_ReAct,0.9607113821138211,492,472.67
8_APE,0.9742682926829269,492,479.34000000000003
9_RAG,0.9661382113821139,492,475.34000000000003
