strategy,scoring_rate,total_score,total_model_score
0_CoT,0.9763974151857836,1857,1813.17
1_SC,0.9782821755519656,1857,1816.67
2_ToT,0.9645503500269252,1857,1791.17
3_GoT,0.9823209477652127,1857,1824.17
4_Auto-CoT,0.9708346795907379,1857,1802.8400000000001
5_KGR,0.9837587506731288,1857,1826.8400000000001
6_ART,0.9728971459343027,1857,1806.67
7_ReAct,0.9785514270328487,1857,1817.17
8_APE,0.9723586429725364,1857,1805.67
9_RAG,0.9807054388799139,1857,1821.17
