strategy,scoring_rate,total_score,total_model_score
0_CoT,0.9753595430107527,2976,2902.67
1_SC,0.9693111559139785,2976,2884.67
2_ToT,0.9706552419354839,2976,2888.67
3_GoT,0.9666229838709678,2976,2876.67
4_Auto-CoT,0.9726713709677419,2976,2894.67
5_KGR,0.9679670698924732,2976,2880.67
6_ART,0.9753595430107527,2976,2902.67
7_ReAct,0.9746875,2976,2900.67
8_APE,0.9706552419354839,2976,2888.67
9_RAG,0.9733434139784947,2976,2896.67
