strategy,scoring_rate,total_score,total_model_score
0_CoT,0.9534072580645162,2976,2837.34
1_SC,0.9495967741935484,2976,2826.0
2_ToT,0.9545262096774194,2976,2840.67
3_GoT,0.947358870967742,2976,2819.34
4_Auto-CoT,0.9379502688172043,2976,2791.34
5_KGR,0.9498219086021505,2976,2826.67
6_ART,0.9399663978494625,2976,2797.34
7_ReAct,0.9554233870967742,2976,2843.34
8_APE,0.9310047043010753,2976,2770.67
9_RAG,0.9417573924731183,2976,2802.67
