strategy,scoring_rate,total_score,total_model_score
0_CoT,0.9390177353342429,1099.5,1032.45
1_SC,0.9208185538881309,1099.5,1012.4399999999999
2_ToT,0.9485675306957708,1099.5,1042.95
3_GoT,0.9386084583901774,1099.5,1032.0
4_Auto-CoT,0.9393451568894952,1099.5,1032.81
5_KGR,0.9349613460663938,1099.5,1027.99
6_ART,0.9437107776261936,1099.5,1037.61
7_ReAct,0.9428103683492496,1099.5,1036.62
8_APE,0.9451114142792179,1099.5,1039.15
9_RAG,0.92243747157799,1099.5,1014.22
