strategy,scoring_rate,total_score,total_model_score
0_CoT,0.9923605805958747,2618,2598.0
1_SC,0.9881588999236058,2618,2587.0
2_ToT,0.9957983193277311,2618,2607.0
3_GoT,0.9957983193277311,2618,2607.0
4_Auto-CoT,0.9957983193277311,2618,2607.0
5_KGR,0.9957983193277311,2618,2607.0
6_ART,0.9923605805958747,2618,2598.0
7_ReAct,0.9931245225362872,2618,2600.0
8_APE,0.9965622612681436,2618,2609.0
9_RAG,0.9935064935064936,2618,2601.0
