strategy,scoring_rate,total_score,total_model_score
0_CoT,0.9805091487669053,2514,2465.0
1_SC,0.9677804295942721,2514,2433.0
2_ToT,0.9847533810660303,2514,2475.67
3_GoT,0.9730867143993637,2514,2446.34
4_Auto-CoT,0.9756626984126985,2520,2458.67
5_KGR,0.9701907790143084,2516,2441.0
6_ART,0.9766666666666667,2514,2455.34
7_ReAct,0.9823667462211615,2514,2469.67
8_APE,0.9846221161495625,2514,2475.34
9_RAG,0.985151153540175,2514,2476.67
