strategy,scoring_rate,total_score,total_model_score
0_CoT,0.9883333333333334,2514,2484.67
1_SC,0.9827645186953063,2514,2470.67
2_ToT,0.987406523468576,2514,2482.34
3_GoT,0.9831622911694511,2514,2471.67
4_Auto-CoT,0.9811734287987272,2514,2466.67
5_KGR,0.9882020684168656,2514,2484.34
6_ART,0.979582338902148,2514,2462.67
7_ReAct,0.9889976133651552,2514,2486.34
8_APE,0.979582338902148,2514,2462.67
9_RAG,0.9863444709626095,2514,2479.67
