strategy,scoring_rate,total_score,total_model_score
0_CoT,0.9205185384202043,3722,3426.17
1_SC,0.9293847393874262,3722,3459.17
2_ToT,0.9180574959699087,3722,3417.01
3_GoT,0.9199193981730253,3722,3423.94
4_Auto-CoT,0.9305937667920473,3722,3463.67
5_GKP,0.9319828049435788,3722,3468.84
6_ART,0.9163541106931757,3722,3410.67
7_ReAct,0.9192208490059108,3722,3421.34
8_APE,0.9283100483610962,3722,3455.17
9_RAG,0.9214588930682429,3722,3429.67
