strategy,scoring_rate,total_score,total_model_score
0_CoT,0.9695407003183265,1099.5,1066.01
1_SC,0.9696953160527513,1099.5,1066.18
2_ToT,0.9799454297407914,1099.5,1077.45
3_GoT,0.9624192814915872,1099.5,1058.18
4_Auto-CoT,0.9743337880854934,1099.5,1071.28
5_KGR,0.960081855388813,1099.5,1055.61
6_ART,0.9690859481582538,1099.5,1065.51
7_ReAct,0.9680309231468849,1099.5,1064.35
8_APE,0.96681218735789,1099.5,1063.01
9_RAG,0.9688767621646203,1099.5,1065.28
