strategy,scoring_rate,total_score,total_model_score
0_CoT,0.9589270253555968,3234,3101.17
1_SC,0.9581539888682746,3234,3098.67
2_ToT,0.9516604823747681,3234,3077.67
3_GoT,0.9555256648113791,3234,3090.17
4_Auto-CoT,0.9481570810142239,3234,3066.34
5_GKP,0.9721212121212122,3234,3143.84
6_ART,0.9505009276437848,3234,3073.92
7_ReAct,0.9564533085961657,3234,3093.17
8_APE,0.9547526283240569,3234,3087.67
9_RAG,0.9502690166975881,3234,3073.17
