strategy,scoring_rate,total_score,total_model_score
0_CoT,0.9574533879035926,1099.5,1052.72
1_SC,0.9489677125966347,1099.5,1043.3899999999999
2_ToT,0.9697589813551615,1099.5,1066.25
3_GoT,0.9517417007730787,1099.5,1046.44
4_Auto-CoT,0.9683947248749432,1099.5,1064.75
5_KGR,0.9526893424036282,1102.5,1050.3400000000001
6_ART,0.9512960436562075,1099.5,1045.95
7_ReAct,0.9614784580498866,1102.5,1060.03
8_APE,0.9712778535698046,1099.5,1067.92
9_RAG,0.9579536152796726,1099.5,1053.27
